observationTimeUtc,airTemperature,feelsLikeTemperature,windSpeed,windGust,windDirection,cloudCover,seaLevelPressure,relativeHumidity,precipitation,conditionCode,station_code,station_name,coordinates,date
2019-12-31 00:00:00,4.2,-0.7,7.5,13.4,256.0,100.0,1007.7,65.0,0.0,cloudy,kauno-ams,Kauno AMS,"{'latitude': 54.88396, 'longitude': 23.83588}",2019-12-31
2019-12-31 01:00:00,4.1,-0.7,7.1,13.9,253.0,100.0,1006.7,66.0,0.0,cloudy,kauno-ams,Kauno AMS,"{'latitude': 54.88396, 'longitude': 23.83588}",2019-12-31
2019-12-31 02:00:00,3.9,-0.7,6.5,12.9,261.0,100.0,1006.6,67.0,0.0,cloudy,kauno-ams,Kauno AMS,"{'latitude': 54.88396, 'longitude': 23.83588}",2019-12-31
2019-12-31 03:00:00,2.9,-2.0,6.5,13.0,260.0,100.0,1006.0,82.0,0.0,light-rain,kauno-ams,Kauno AMS,"{'latitude': 54.88396, 'longitude': 23.83588}",2019-12-31
2019-12-31 04:00:00,2.6,-2.0,5.6,11.2,251.0,100.0,1005.4,90.0,0.0,light-rain,kauno-ams,Kauno AMS,"{'latitude': 54.88396, 'longitude': 23.83588}",2019-12-31
2019-12-31 05:00:00,3.1,-1.4,5.7,10.7,256.0,100.0,1004.7,93.0,0.0,rain,kauno-ams,Kauno AMS,"{'latitude': 54.88396, 'longitude': 23.83588}",2019-12-31
2019-12-31 06:00:00,3.4,-0.7,5.1,8.5,258.0,100.0,1005.0,96.0,0.0,light-rain,kauno-ams,Kauno AMS,"{'latitude': 54.88396, 'longitude': 23.83588}",2019-12-31
2019-12-31 07:00:00,3.6,0.4,3.5,7.5,254.0,100.0,1005.4,97.0,0.5,rain,kauno-ams,Kauno AMS,"{'latitude': 54.88396, 'longitude': 23.83588}",2019-12-31
2019-12-31 08:00:00,4.0,0.8,3.7,6.3,259.0,100.0,1005.6,98.0,0.2,light-rain,kauno-ams,Kauno AMS,"{'latitude': 54.88396, 'longitude': 23.83588}",2019-12-31
2019-12-31 09:00:00,5.2,1.9,4.4,8.1,284.0,88.0,1006.1,95.0,0.2,rain,kauno-ams,Kauno AMS,"{'latitude': 54.88396, 'longitude': 23.83588}",2019-12-31
2019-12-31 10:00:00,5.7,1.9,5.7,9.8,285.0,75.0,1005.9,90.0,0.0,cloudy-with-sunny-intervals,kauno-ams,Kauno AMS,"{'latitude': 54.88396, 'longitude': 23.83588}",2019-12-31
2019-12-31 11:00:00,5.3,1.5,5.5,10.3,286.0,100.0,1006.0,89.0,0.0,cloudy,kauno-ams,Kauno AMS,"{'latitude': 54.88396, 'longitude': 23.83588}",2019-12-31
2019-12-31 12:00:00,5.3,1.3,6.0,10.7,289.0,88.0,1006.8,87.0,0.0,cloudy,kauno-ams,Kauno AMS,"{'latitude': 54.88396, 'longitude': 23.83588}",2019-12-31
2019-12-31 13:00:00,5.4,1.3,6.3,11.5,297.0,88.0,1007.6,83.0,0.0,cloudy,kauno-ams,Kauno AMS,"{'latitude': 54.88396, 'longitude': 23.83588}",2019-12-31
2019-12-31 14:00:00,5.3,1.3,5.9,12.2,314.0,88.0,1008.9,80.0,0.0,cloudy,kauno-ams,Kauno AMS,"{'latitude': 54.88396, 'longitude': 23.83588}",2019-12-31
2019-12-31 15:00:00,5.0,1.0,5.6,9.9,305.0,100.0,1009.6,80.0,0.0,rain,kauno-ams,Kauno AMS,"{'latitude': 54.88396, 'longitude': 23.83588}",2019-12-31
2019-12-31 16:00:00,4.6,0.1,6.8,12.3,310.0,88.0,1011.3,85.0,0.0,light-rain,kauno-ams,Kauno AMS,"{'latitude': 54.88396, 'longitude': 23.83588}",2019-12-31
2019-12-31 17:00:00,4.5,-0.3,7.5,13.0,325.0,88.0,1012.6,79.0,0.0,light-rain,kauno-ams,Kauno AMS,"{'latitude': 54.88396, 'longitude': 23.83588}",2019-12-31
2019-12-31 18:00:00,4.2,-0.9,8.0,13.5,327.0,88.0,1014.0,72.0,0.0,cloudy,kauno-ams,Kauno AMS,"{'latitude': 54.88396, 'longitude': 23.83588}",2019-12-31
2019-12-31 19:00:00,3.1,-1.1,5.0,12.0,324.0,13.0,1015.4,74.0,0.0,partly-cloudy,kauno-ams,Kauno AMS,"{'latitude': 54.88396, 'longitude': 23.83588}",2019-12-31
2019-12-31 20:00:00,3.2,-1.8,6.9,11.0,313.0,88.0,1016.3,76.0,0.0,cloudy,kauno-ams,Kauno AMS,"{'latitude': 54.88396, 'longitude': 23.83588}",2019-12-31
2019-12-31 21:00:00,2.7,-2.3,6.7,12.3,316.0,88.0,1017.7,79.0,0.0,rain,kauno-ams,Kauno AMS,"{'latitude': 54.88396, 'longitude': 23.83588}",2019-12-31
2019-12-31 22:00:00,2.1,-2.8,6.0,11.6,318.0,75.0,1018.7,80.0,0.0,cloudy-with-sunny-intervals,kauno-ams,Kauno AMS,"{'latitude': 54.88396, 'longitude': 23.83588}",2019-12-31
2019-12-31 23:00:00,1.5,-3.2,5.3,11.1,321.0,0.0,1019.6,79.0,0.0,rain-showers,kauno-ams,Kauno AMS,"{'latitude': 54.88396, 'longitude': 23.83588}",2019-12-31
2020-12-31 00:00:00,3.3,0.1,3.4,4.5,183.0,100.0,1005.3,97.0,0.0,light-rain,kauno-ams,Kauno AMS,"{'latitude': 54.88396, 'longitude': 23.83588}",2020-12-31
2020-12-31 01:00:00,3.3,0.5,2.9,6.2,208.0,100.0,1005.6,97.0,0.0,cloudy,kauno-ams,Kauno AMS,"{'latitude': 54.88396, 'longitude': 23.83588}",2020-12-31
2020-12-31 02:00:00,2.9,0.9,2.0,4.4,243.0,100.0,1006.0,95.0,0.0,cloudy,kauno-ams,Kauno AMS,"{'latitude': 54.88396, 'longitude': 23.83588}",2020-12-31
2020-12-31 03:00:00,2.6,0.7,1.9,3.1,201.0,100.0,1006.2,97.0,0.1,light-rain,kauno-ams,Kauno AMS,"{'latitude': 54.88396, 'longitude': 23.83588}",2020-12-31
2020-12-31 04:00:00,2.7,0.9,1.8,3.1,238.0,100.0,1006.3,98.0,0.1,light-rain,kauno-ams,Kauno AMS,"{'latitude': 54.88396, 'longitude': 23.83588}",2020-12-31
2020-12-31 05:00:00,2.6,0.9,1.7,3.5,217.0,100.0,1007.0,98.0,0.0,rain,kauno-ams,Kauno AMS,"{'latitude': 54.88396, 'longitude': 23.83588}",2020-12-31
2020-12-31 06:00:00,2.6,-0.2,2.8,4.6,234.0,100.0,1007.7,98.0,0.0,cloudy,kauno-ams,Kauno AMS,"{'latitude': 54.88396, 'longitude': 23.83588}",2020-12-31
2020-12-31 07:00:00,2.3,-0.6,2.8,5.3,227.0,100.0,1008.6,94.0,0.0,cloudy,kauno-ams,Kauno AMS,"{'latitude': 54.88396, 'longitude': 23.83588}",2020-12-31
2020-12-31 08:00:00,1.6,-2.1,3.6,,223.0,88.0,1009.4,96.0,0.0,cloudy,kauno-ams,Kauno AMS,"{'latitude': 54.88396, 'longitude': 23.83588}",2020-12-31
2020-12-31 09:00:00,1.5,-1.6,2.9,4.9,220.0,100.0,1009.7,96.0,0.0,cloudy,kauno-ams,Kauno AMS,"{'latitude': 54.88396, 'longitude': 23.83588}",2020-12-31
2020-12-31 10:00:00,1.8,0.3,1.5,4.1,248.0,100.0,1009.7,95.0,0.0,cloudy,kauno-ams,Kauno AMS,"{'latitude': 54.88396, 'longitude': 23.83588}",2020-12-31
2020-12-31 11:00:00,1.5,-1.9,3.2,4.3,207.0,100.0,1010.0,95.0,0.0,cloudy,kauno-ams,Kauno AMS,"{'latitude': 54.88396, 'longitude': 23.83588}",2020-12-31
2020-12-31 12:00:00,0.9,-2.1,2.6,5.0,201.0,100.0,1010.1,97.0,0.0,cloudy,kauno-ams,Kauno AMS,"{'latitude': 54.88396, 'longitude': 23.83588}",2020-12-31
2020-12-31 13:00:00,0.8,-2.6,3.0,4.5,188.0,100.0,1010.8,96.0,0.0,cloudy,kauno-ams,Kauno AMS,"{'latitude': 54.88396, 'longitude': 23.83588}",2020-12-31
2020-12-31 14:00:00,0.5,-2.8,2.9,4.4,193.0,100.0,1011.0,98.0,0.0,cloudy,kauno-ams,Kauno AMS,"{'latitude': 54.88396, 'longitude': 23.83588}",2020-12-31
2020-12-31 15:00:00,0.4,-3.4,3.5,5.1,173.0,100.0,1011.5,98.0,0.0,cloudy,kauno-ams,Kauno AMS,"{'latitude': 54.88396, 'longitude': 23.83588}",2020-12-31
2020-12-31 16:00:00,-0.1,-2.3,1.8,4.3,156.0,100.0,1011.4,99.0,0.0,cloudy,kauno-ams,Kauno AMS,"{'latitude': 54.88396, 'longitude': 23.83588}",2020-12-31
2020-12-31 17:00:00,-0.2,-2.7,2.0,3.3,153.0,,1011.2,99.0,0.0,,kauno-ams,Kauno AMS,"{'latitude': 54.88396, 'longitude': 23.83588}",2020-12-31
2020-12-31 18:00:00,-0.3,-3.1,2.2,3.9,174.0,,1011.5,100.0,0.0,fog,kauno-ams,Kauno AMS,"{'latitude': 54.88396, 'longitude': 23.83588}",2020-12-31
2020-12-31 19:00:00,-0.2,-2.9,2.2,3.9,192.0,100.0,1011.6,100.0,0.0,fog,kauno-ams,Kauno AMS,"{'latitude': 54.88396, 'longitude': 23.83588}",2020-12-31
2020-12-31 20:00:00,-0.2,-0.2,1.2,3.6,149.0,100.0,1011.8,100.0,0.0,fog,kauno-ams,Kauno AMS,"{'latitude': 54.88396, 'longitude': 23.83588}",2020-12-31
2020-12-31 21:00:00,-0.1,-3.1,2.4,3.7,149.0,100.0,1012.0,100.0,0.0,fog,kauno-ams,Kauno AMS,"{'latitude': 54.88396, 'longitude': 23.83588}",2020-12-31
2020-12-31 22:00:00,-0.3,-0.3,1.3,3.7,138.0,100.0,1011.8,100.0,0.0,fog,kauno-ams,Kauno AMS,"{'latitude': 54.88396, 'longitude': 23.83588}",2020-12-31
2020-12-31 23:00:00,-0.6,-0.6,0.5,3.4,232.0,,1011.4,100.0,0.0,fog,kauno-ams,Kauno AMS,"{'latitude': 54.88396, 'longitude': 23.83588}",2020-12-31
2021-12-31 00:00:00,1.3,-2.4,3.5,5.1,209.0,100.0,1007.7,98.0,0.0,fog,kauno-ams,Kauno AMS,"{'latitude': 54.88396, 'longitude': 23.83588}",2021-12-31
2021-12-31 01:00:00,1.6,-2.3,3.9,6.3,225.0,100.0,1007.6,98.0,0.0,fog,kauno-ams,Kauno AMS,"{'latitude': 54.88396, 'longitude': 23.83588}",2021-12-31
2021-12-31 02:00:00,1.8,-1.8,3.6,6.3,219.0,100.0,1007.4,98.0,0.2,light-rain,kauno-ams,Kauno AMS,"{'latitude': 54.88396, 'longitude': 23.83588}",2021-12-31
2021-12-31 03:00:00,1.8,-2.1,4.0,5.9,209.0,100.0,1006.8,98.0,0.1,light-rain,kauno-ams,Kauno AMS,"{'latitude': 54.88396, 'longitude': 23.83588}",2021-12-31
2021-12-31 04:00:00,1.9,-2.3,4.6,7.2,221.0,100.0,1006.5,98.0,0.0,light-rain,kauno-ams,Kauno AMS,"{'latitude': 54.88396, 'longitude': 23.83588}",2021-12-31
2021-12-31 05:00:00,2.2,-2.1,4.9,7.6,223.0,100.0,1006.1,99.0,0.3,light-rain,kauno-ams,Kauno AMS,"{'latitude': 54.88396, 'longitude': 23.83588}",2021-12-31
2021-12-31 06:00:00,2.4,-1.3,3.9,7.7,236.0,100.0,1005.9,98.0,0.1,light-rain,kauno-ams,Kauno AMS,"{'latitude': 54.88396, 'longitude': 23.83588}",2021-12-31
2021-12-31 07:00:00,2.6,-0.9,3.7,5.9,234.0,100.0,1006.3,98.0,0.0,light-rain,kauno-ams,Kauno AMS,"{'latitude': 54.88396, 'longitude': 23.83588}",2021-12-31
2021-12-31 08:00:00,3.3,0.6,2.8,6.0,233.0,100.0,1006.4,98.0,0.0,light-rain,kauno-ams,Kauno AMS,"{'latitude': 54.88396, 'longitude': 23.83588}",2021-12-31
2021-12-31 09:00:00,3.7,0.2,4.0,7.0,247.0,100.0,1006.4,98.0,0.1,light-rain,kauno-ams,Kauno AMS,"{'latitude': 54.88396, 'longitude': 23.83588}",2021-12-31
2021-12-31 10:00:00,3.7,0.6,3.5,6.2,252.0,,1006.2,99.0,0.0,fog,kauno-ams,Kauno AMS,"{'latitude': 54.88396, 'longitude': 23.83588}",2021-12-31
2021-12-31 11:00:00,4.2,1.0,3.8,6.1,245.0,100.0,1005.9,99.0,0.0,fog,kauno-ams,Kauno AMS,"{'latitude': 54.88396, 'longitude': 23.83588}",2021-12-31
2021-12-31 12:00:00,4.2,0.9,3.9,6.7,251.0,100.0,1005.5,99.0,0.0,fog,kauno-ams,Kauno AMS,"{'latitude': 54.88396, 'longitude': 23.83588}",2021-12-31
2021-12-31 13:00:00,4.2,1.5,3.0,5.6,248.0,,1005.2,99.0,0.0,fog,kauno-ams,Kauno AMS,"{'latitude': 54.88396, 'longitude': 23.83588}",2021-12-31
2021-12-31 14:00:00,4.3,1.6,3.0,5.2,242.0,,1004.6,99.0,0.0,fog,kauno-ams,Kauno AMS,"{'latitude': 54.88396, 'longitude': 23.83588}",2021-12-31
2021-12-31 15:00:00,4.3,2.0,2.6,5.2,244.0,100.0,1004.3,99.0,0.9,rain,kauno-ams,Kauno AMS,"{'latitude': 54.88396, 'longitude': 23.83588}",2021-12-31
2021-12-31 16:00:00,4.7,2.0,3.2,4.8,238.0,100.0,1003.9,99.0,2.2,rain,kauno-ams,Kauno AMS,"{'latitude': 54.88396, 'longitude': 23.83588}",2021-12-31
2021-12-31 17:00:00,4.9,2.4,3.0,5.4,240.0,100.0,1003.0,99.0,1.0,light-rain,kauno-ams,Kauno AMS,"{'latitude': 54.88396, 'longitude': 23.83588}",2021-12-31
2021-12-31 18:00:00,4.8,2.6,2.5,4.8,250.0,100.0,1003.2,99.0,0.9,light-rain,kauno-ams,Kauno AMS,"{'latitude': 54.88396, 'longitude': 23.83588}",2021-12-31
2021-12-31 19:00:00,5.3,2.2,4.0,6.9,255.0,100.0,1003.2,99.0,0.6,light-rain,kauno-ams,Kauno AMS,"{'latitude': 54.88396, 'longitude': 23.83588}",2021-12-31
2021-12-31 20:00:00,5.7,2.6,4.2,7.2,283.0,100.0,1003.7,99.0,0.5,light-rain,kauno-ams,Kauno AMS,"{'latitude': 54.88396, 'longitude': 23.83588}",2021-12-31
2021-12-31 21:00:00,5.2,2.9,2.8,6.0,314.0,100.0,1004.5,99.0,0.1,light-rain,kauno-ams,Kauno AMS,"{'latitude': 54.88396, 'longitude': 23.83588}",2021-12-31
2021-12-31 22:00:00,4.7,2.3,2.8,5.2,277.0,100.0,1004.8,99.0,0.1,light-rain,kauno-ams,Kauno AMS,"{'latitude': 54.88396, 'longitude': 23.83588}",2021-12-31
2021-12-31 23:00:00,4.6,1.7,3.5,6.5,269.0,100.0,1004.8,99.0,0.2,rain,kauno-ams,Kauno AMS,"{'latitude': 54.88396, 'longitude': 23.83588}",2021-12-31
2022-12-31 00:00:00,1.2,-3.1,4.5,6.1,184.0,50.0,1014.7,93.0,0.0,variable-cloudiness,kauno-ams,Kauno AMS,"{'latitude': 54.88396, 'longitude': 23.83588}",2022-12-31
2022-12-31 01:00:00,1.3,-2.7,4.0,6.0,185.0,88.0,1014.5,93.0,0.0,cloudy,kauno-ams,Kauno AMS,"{'latitude': 54.88396, 'longitude': 23.83588}",2022-12-31
2022-12-31 02:00:00,1.1,-2.6,3.5,5.9,173.0,100.0,1013.9,93.0,0.0,cloudy,kauno-ams,Kauno AMS,"{'latitude': 54.88396, 'longitude': 23.83588}",2022-12-31
2022-12-31 03:00:00,1.6,-2.3,3.9,6.0,187.0,88.0,1013.7,92.0,0.0,cloudy,kauno-ams,Kauno AMS,"{'latitude': 54.88396, 'longitude': 23.83588}",2022-12-31
2022-12-31 04:00:00,2.2,-2.9,6.6,9.1,166.0,88.0,1011.8,90.0,0.0,cloudy,kauno-ams,Kauno AMS,"{'latitude': 54.88396, 'longitude': 23.83588}",2022-12-31
2022-12-31 05:00:00,2.4,-3.0,7.3,9.3,171.0,100.0,1011.1,90.0,0.0,cloudy,kauno-ams,Kauno AMS,"{'latitude': 54.88396, 'longitude': 23.83588}",2022-12-31
2022-12-31 06:00:00,3.0,-2.3,7.5,11.0,177.0,88.0,1010.4,88.0,0.0,cloudy,kauno-ams,Kauno AMS,"{'latitude': 54.88396, 'longitude': 23.83588}",2022-12-31
2022-12-31 07:00:00,3.2,-1.0,5.2,9.7,192.0,100.0,1010.7,87.0,0.0,cloudy,kauno-ams,Kauno AMS,"{'latitude': 54.88396, 'longitude': 23.83588}",2022-12-31
2022-12-31 08:00:00,3.7,-0.9,6.3,9.3,201.0,88.0,1010.7,88.0,0.0,light-rain,kauno-ams,Kauno AMS,"{'latitude': 54.88396, 'longitude': 23.83588}",2022-12-31
2022-12-31 09:00:00,3.5,-1.2,6.4,9.1,201.0,100.0,1010.4,95.0,0.1,light-rain,kauno-ams,Kauno AMS,"{'latitude': 54.88396, 'longitude': 23.83588}",2022-12-31
2022-12-31 10:00:00,4.3,0.1,5.7,9.4,216.0,100.0,1010.4,95.0,0.0,light-rain,kauno-ams,Kauno AMS,"{'latitude': 54.88396, 'longitude': 23.83588}",2022-12-31
2022-12-31 11:00:00,4.7,1.3,4.3,9.1,216.0,100.0,1010.2,95.0,0.0,cloudy,kauno-ams,Kauno AMS,"{'latitude': 54.88396, 'longitude': 23.83588}",2022-12-31
2022-12-31 12:00:00,5.5,1.9,5.2,7.4,212.0,100.0,1009.4,94.0,0.0,cloudy,kauno-ams,Kauno AMS,"{'latitude': 54.88396, 'longitude': 23.83588}",2022-12-31
2022-12-31 13:00:00,5.8,2.8,4.1,7.5,207.0,100.0,1009.3,93.0,0.0,cloudy,kauno-ams,Kauno AMS,"{'latitude': 54.88396, 'longitude': 23.83588}",2022-12-31
2022-12-31 14:00:00,5.8,2.4,4.8,6.9,197.0,100.0,1008.5,94.0,0.0,cloudy,kauno-ams,Kauno AMS,"{'latitude': 54.88396, 'longitude': 23.83588}",2022-12-31
2022-12-31 15:00:00,6.1,2.7,4.9,7.9,201.0,100.0,1008.3,94.0,0.0,light-rain,kauno-ams,Kauno AMS,"{'latitude': 54.88396, 'longitude': 23.83588}",2022-12-31
2022-12-31 16:00:00,6.4,2.8,5.6,8.5,207.0,100.0,1007.6,96.0,0.7,light-rain,kauno-ams,Kauno AMS,"{'latitude': 54.88396, 'longitude': 23.83588}",2022-12-31
2022-12-31 17:00:00,7.0,3.7,5.3,9.2,216.0,100.0,1007.4,96.0,0.0,light-rain,kauno-ams,Kauno AMS,"{'latitude': 54.88396, 'longitude': 23.83588}",2022-12-31
2022-12-31 18:00:00,7.9,5.2,4.4,10.5,220.0,100.0,1007.1,95.0,0.0,light-rain,kauno-ams,Kauno AMS,"{'latitude': 54.88396, 'longitude': 23.83588}",2022-12-31
2022-12-31 19:00:00,8.5,5.9,4.5,8.9,227.0,100.0,1006.9,95.0,0.1,light-rain,kauno-ams,Kauno AMS,"{'latitude': 54.88396, 'longitude': 23.83588}",2022-12-31
2022-12-31 20:00:00,8.8,6.6,3.8,7.4,217.0,100.0,1006.8,96.0,0.1,light-rain,kauno-ams,Kauno AMS,"{'latitude': 54.88396, 'longitude': 23.83588}",2022-12-31
2022-12-31 21:00:00,9.8,7.5,4.5,7.9,231.0,100.0,1006.8,95.0,0.4,light-rain,kauno-ams,Kauno AMS,"{'latitude': 54.88396, 'longitude': 23.83588}",2022-12-31
2022-12-31 22:00:00,10.6,10.6,4.2,7.7,232.0,88.0,1006.8,91.0,0.0,cloudy,kauno-ams,Kauno AMS,"{'latitude': 54.88396, 'longitude': 23.83588}",2022-12-31
2022-12-31 23:00:00,10.7,10.7,4.5,7.3,229.0,88.0,1006.8,90.0,0.0,cloudy,kauno-ams,Kauno AMS,"{'latitude': 54.88396, 'longitude': 23.83588}",2022-12-31
2023-12-31 00:00:00,2.7,-0.4,3.2,7.3,279.0,88.0,1008.7,92.0,0.0,cloudy,kauno-ams,Kauno AMS,"{'latitude': 54.88396, 'longitude': 23.83588}",2023-12-31
2023-12-31 01:00:00,2.9,-1.1,4.6,7.9,298.0,88.0,1009.2,90.0,0.0,rain,kauno-ams,Kauno AMS,"{'latitude': 54.88396, 'longitude': 23.83588}",2023-12-31
2023-12-31 02:00:00,2.5,-0.7,3.3,7.2,284.0,100.0,1009.2,93.0,0.0,light-rain,kauno-ams,Kauno AMS,"{'latitude': 54.88396, 'longitude': 23.83588}",2023-12-31
2023-12-31 03:00:00,2.8,-0.3,3.2,6.1,291.0,100.0,1009.9,91.0,0.0,rain,kauno-ams,Kauno AMS,"{'latitude': 54.88396, 'longitude': 23.83588}",2023-12-31
2023-12-31 04:00:00,2.6,-0.9,3.7,6.6,291.0,100.0,1010.4,91.0,0.0,rain,kauno-ams,Kauno AMS,"{'latitude': 54.88396, 'longitude': 23.83588}",2023-12-31
2023-12-31 05:00:00,2.5,-1.1,3.8,6.7,285.0,100.0,1011.0,92.0,0.0,cloudy,kauno-ams,Kauno AMS,"{'latitude': 54.88396, 'longitude': 23.83588}",2023-12-31
2023-12-31 06:00:00,2.4,-1.4,4.0,6.5,300.0,88.0,1011.5,91.0,0.0,cloudy,kauno-ams,Kauno AMS,"{'latitude': 54.88396, 'longitude': 23.83588}",2023-12-31
2023-12-31 07:00:00,1.9,-1.3,3.1,7.5,308.0,88.0,1012.2,90.0,0.0,cloudy,kauno-ams,Kauno AMS,"{'latitude': 54.88396, 'longitude': 23.83588}",2023-12-31
2023-12-31 08:00:00,2.2,-1.3,3.6,6.2,311.0,100.0,1013.1,89.0,0.0,cloudy,kauno-ams,Kauno AMS,"{'latitude': 54.88396, 'longitude': 23.83588}",2023-12-31
2023-12-31 09:00:00,2.3,-0.8,3.1,6.7,305.0,100.0,1013.6,87.0,0.0,cloudy,kauno-ams,Kauno AMS,"{'latitude': 54.88396, 'longitude': 23.83588}",2023-12-31
2023-12-31 10:00:00,2.4,-0.9,3.4,5.9,314.0,88.0,1014.0,84.0,0.0,cloudy,kauno-ams,Kauno AMS,"{'latitude': 54.88396, 'longitude': 23.83588}",2023-12-31
2023-12-31 11:00:00,2.3,-0.2,2.4,5.9,308.0,100.0,1014.2,85.0,0.0,cloudy,kauno-ams,Kauno AMS,"{'latitude': 54.88396, 'longitude': 23.83588}",2023-12-31
2023-12-31 12:00:00,2.3,-0.3,2.5,6.6,325.0,100.0,1014.1,83.0,0.0,cloudy,kauno-ams,Kauno AMS,"{'latitude': 54.88396, 'longitude': 23.83588}",2023-12-31
2023-12-31 13:00:00,1.8,-1.5,3.2,5.6,360.0,100.0,1014.3,82.0,0.0,cloudy,kauno-ams,Kauno AMS,"{'latitude': 54.88396, 'longitude': 23.83588}",2023-12-31
2023-12-31 14:00:00,1.6,-0.2,1.7,4.2,358.0,100.0,1014.5,81.0,0.0,cloudy,kauno-ams,Kauno AMS,"{'latitude': 54.88396, 'longitude': 23.83588}",2023-12-31
2023-12-31 15:00:00,1.3,1.3,0.5,2.7,2.0,100.0,1014.5,82.0,0.0,cloudy,kauno-ams,Kauno AMS,"{'latitude': 54.88396, 'longitude': 23.83588}",2023-12-31
2023-12-31 16:00:00,1.2,1.2,0.6,1.7,24.0,100.0,1014.5,85.0,0.0,cloudy,kauno-ams,Kauno AMS,"{'latitude': 54.88396, 'longitude': 23.83588}",2023-12-31
2023-12-31 17:00:00,1.2,-1.5,2.4,4.7,63.0,100.0,1014.5,80.0,0.0,cloudy,kauno-ams,Kauno AMS,"{'latitude': 54.88396, 'longitude': 23.83588}",2023-12-31
2023-12-31 18:00:00,0.9,0.9,0.9,4.2,90.0,100.0,1014.5,82.0,0.0,cloudy,kauno-ams,Kauno AMS,"{'latitude': 54.88396, 'longitude': 23.83588}",2023-12-31
2023-12-31 19:00:00,0.8,0.8,1.3,3.4,101.0,100.0,1014.6,80.0,0.0,cloudy,kauno-ams,Kauno AMS,"{'latitude': 54.88396, 'longitude': 23.83588}",2023-12-31
2023-12-31 20:00:00,0.5,-1.8,1.9,3.7,96.0,100.0,1014.7,83.0,0.0,light-rain,kauno-ams,Kauno AMS,"{'latitude': 54.88396, 'longitude': 23.83588}",2023-12-31
2023-12-31 21:00:00,0.5,0.5,1.2,2.8,112.0,100.0,1014.8,84.0,0.0,cloudy,kauno-ams,Kauno AMS,"{'latitude': 54.88396, 'longitude': 23.83588}",2023-12-31
2023-12-31 22:00:00,0.3,-2.2,2.1,4.1,88.0,100.0,1014.3,84.0,0.0,cloudy,kauno-ams,Kauno AMS,"{'latitude': 54.88396, 'longitude': 23.83588}",2023-12-31
2023-12-31 23:00:00,0.2,-3.1,2.8,4.4,94.0,100.0,1014.1,83.0,0.0,cloudy,kauno-ams,Kauno AMS,"{'latitude': 54.88396, 'longitude': 23.83588}",2023-12-31
2024-12-31 00:00:00,4.3,-0.4,6.9,15.1,259.0,100.0,1012.9,92.0,0.7,light-rain,kauno-ams,Kauno AMS,"{'latitude': 54.88396, 'longitude': 23.83588}",2024-12-31
2024-12-31 01:00:00,4.2,-0.2,6.2,12.8,256.0,100.0,1012.4,94.0,0.2,light-rain,kauno-ams,Kauno AMS,"{'latitude': 54.88396, 'longitude': 23.83588}",2024-12-31
2024-12-31 02:00:00,4.3,-0.4,7.1,13.2,260.0,100.0,1012.4,94.0,0.0,light-rain,kauno-ams,Kauno AMS,"{'latitude': 54.88396, 'longitude': 23.83588}",2024-12-31
2024-12-31 03:00:00,4.4,-0.5,7.7,14.0,262.0,100.0,1012.4,94.0,0.0,light-rain,kauno-ams,Kauno AMS,"{'latitude': 54.88396, 'longitude': 23.83588}",2024-12-31
2024-12-31 04:00:00,4.7,-0.3,8.3,14.9,267.0,100.0,1012.3,91.0,0.0,rain,kauno-ams,Kauno AMS,"{'latitude': 54.88396, 'longitude': 23.83588}",2024-12-31
2024-12-31 05:00:00,4.8,0.2,7.2,13.8,265.0,100.0,1012.3,92.0,0.0,light-rain,kauno-ams,Kauno AMS,"{'latitude': 54.88396, 'longitude': 23.83588}",2024-12-31
2024-12-31 06:00:00,4.9,0.3,7.3,13.8,262.0,100.0,1012.5,93.0,0.0,light-rain,kauno-ams,Kauno AMS,"{'latitude': 54.88396, 'longitude': 23.83588}",2024-12-31
2024-12-31 07:00:00,5.1,0.6,7.2,15.0,269.0,100.0,1012.8,93.0,0.1,light-rain,kauno-ams,Kauno AMS,"{'latitude': 54.88396, 'longitude': 23.83588}",2024-12-31
2024-12-31 08:00:00,5.4,1.2,6.6,13.2,270.0,100.0,1013.4,93.0,0.0,light-rain,kauno-ams,Kauno AMS,"{'latitude': 54.88396, 'longitude': 23.83588}",2024-12-31
2024-12-31 09:00:00,5.8,1.7,6.5,14.1,272.0,100.0,1014.1,93.0,0.0,light-rain,kauno-ams,Kauno AMS,"{'latitude': 54.88396, 'longitude': 23.83588}",2024-12-31
2024-12-31 10:00:00,5.9,1.9,6.3,14.1,273.0,100.0,1014.4,94.0,0.1,rain,kauno-ams,Kauno AMS,"{'latitude': 54.88396, 'longitude': 23.83588}",2024-12-31
2024-12-31 11:00:00,6.0,2.6,5.0,10.1,286.0,100.0,1014.8,95.0,0.0,light-rain,kauno-ams,Kauno AMS,"{'latitude': 54.88396, 'longitude': 23.83588}",2024-12-31
2024-12-31 12:00:00,5.7,2.3,4.7,10.3,311.0,88.0,1015.5,90.0,0.6,rain,kauno-ams,Kauno AMS,"{'latitude': 54.88396, 'longitude': 23.83588}",2024-12-31
2024-12-31 13:00:00,5.5,2.1,4.7,10.1,300.0,88.0,1016.0,87.0,0.0,cloudy,kauno-ams,Kauno AMS,"{'latitude': 54.88396, 'longitude': 23.83588}",2024-12-31
2024-12-31 14:00:00,4.7,1.2,4.4,10.0,298.0,100.0,1016.4,84.0,0.0,cloudy,kauno-ams,Kauno AMS,"{'latitude': 54.88396, 'longitude': 23.83588}",2024-12-31
2024-12-31 15:00:00,4.2,1.5,3.1,7.3,283.0,100.0,1017.1,88.0,0.0,cloudy,kauno-ams,Kauno AMS,"{'latitude': 54.88396, 'longitude': 23.83588}",2024-12-31
2024-12-31 16:00:00,4.3,1.3,3.5,5.6,266.0,100.0,1017.2,90.0,0.0,cloudy,kauno-ams,Kauno AMS,"{'latitude': 54.88396, 'longitude': 23.83588}",2024-12-31
2024-12-31 17:00:00,4.4,1.8,3.0,5.3,273.0,100.0,1017.0,91.0,0.0,cloudy,kauno-ams,Kauno AMS,"{'latitude': 54.88396, 'longitude': 23.83588}",2024-12-31
2024-12-31 18:00:00,4.2,1.0,3.8,6.7,280.0,100.0,1017.0,87.0,0.0,cloudy,kauno-ams,Kauno AMS,"{'latitude': 54.88396, 'longitude': 23.83588}",2024-12-31
2024-12-31 19:00:00,3.5,2.4,1.4,5.5,219.0,100.0,1016.6,97.0,0.0,light-rain,kauno-ams,Kauno AMS,"{'latitude': 54.88396, 'longitude': 23.83588}",2024-12-31
2024-12-31 20:00:00,4.1,0.9,3.8,5.4,230.0,100.0,1015.7,98.0,0.0,light-rain,kauno-ams,Kauno AMS,"{'latitude': 54.88396, 'longitude': 23.83588}",2024-12-31
2024-12-31 21:00:00,5.0,1.5,4.7,9.0,242.0,100.0,1015.3,94.0,0.0,light-rain,kauno-ams,Kauno AMS,"{'latitude': 54.88396, 'longitude': 23.83588}",2024-12-31
2024-12-31 22:00:00,4.5,0.5,5.4,8.8,224.0,100.0,1014.2,95.0,0.0,cloudy,kauno-ams,Kauno AMS,"{'latitude': 54.88396, 'longitude': 23.83588}",2024-12-31
2024-12-31 23:00:00,3.8,-1.2,7.4,11.7,226.0,100.0,1013.1,93.0,0.0,rain,kauno-ams,Kauno AMS,"{'latitude': 54.88396, 'longitude': 23.83588}",2024-12-31
